{
  "loss_type": "l1",
  "repeats": 20,
  "seed": 1234,
  "mean": 0.04798836619593203,
  "std": 0.056134437371146644,
  "min": 0.002499829977750778,
  "max": 0.20832836627960205,
  "median": 0.02254335582256317,
  "losses": [
    0.002499829977750778,
    0.019442744553089142,
    0.1780477613210678,
    0.009726641699671745,
    0.012261813506484032,
    0.010435586795210838,
    0.20832836627960205,
    0.03175964951515198,
    0.00615930650383234,
    0.11539054661989212,
    0.013052189722657204,
    0.0256439670920372,
    0.017322083935141563,
    0.018698066473007202,
    0.01382894441485405,
    0.08101736009120941,
    0.050801873207092285,
    0.07134917378425598,
    0.026151860132813454,
    0.04784955829381943
  ],
  "timesteps": [
    242,
    135,
    8,
    189,
    174,
    185,
    5,
    92,
    215,
    19,
    169,
    110,
    145,
    139,
    165,
    32,
    57,
    38,
    109,
    61
  ]
}